{
  "settings": {
    "storeName": "Polvora Esparza",
    "whatsapp": "+506 6194 3970",
    "primaryColor": "#f75f5f",
    "bgColor": "#409690"
  },
  "products": [
    {
      "id": "leg_1",
      "title": "BENGALA NEÓN",
      "price": "7000",
      "description": "Producto importado - NOVEDADES 2024",
      "category": "NOVEDADES 2024",
      "sizes": [],
      "media": [
        {
          "type": "image",
          "url": "images/IMG_3493-Edit.png.opt103x383o0,0s103x383.webp"
        },
        {
          "type": "video",
          "url": "https://www.youtube.com/watch?v=RCUzsr2F3YQ"
        }
      ]
    },
    {
      "id": "new_1",
      "title": "PARTY FOUNTAIN",
      "price": "0",
      "description": "Producto importado - NOVEDADES 2024",
      "category": "NOVEDADES 2024",
      "sizes": [],
      "media": [
        {
          "type": "image",
          "url": "images/IMG_3482.png.opt214x267o0,0s214x267.webp"
        }
      ]
    },
    {
      "id": "new_2",
      "title": "TORNADO",
      "price": "1900",
      "description": "Producto importado - NOVEDADES 2024",
      "category": "NOVEDADES 2024",
      "sizes": [],
      "media": [
        {
          "type": "image",
          "url": "images/TORNADO.png.opt255x319o0,0s255x319.webp"
        }
      ]
    },
    {
      "id": "new_3",
      "title": "UNIVERSE",
      "price": "3000",
      "description": "Producto importado - NOVEDADES 2024",
      "category": "NOVEDADES 2024",
      "sizes": [],
      "media": [
        {
          "type": "image",
          "url": "images/IMG_3502.png.opt225x281o0,0s225x281.webp"
        }
      ]
    },
    {
      "id": "leg_2",
      "title": "RAFAGA 388S",
      "price": "0",
      "description": "Producto importado - NOVEDADES 2024",
      "category": "NOVEDADES 2024",
      "sizes": [],
      "media": [
        {
          "type": "image",
          "url": "images/IMG_3495-Edit-2.png.opt247x439o0,0s247x439.webp"
        },
        {
          "type": "video",
          "url": "https://www.youtube.com/watch?v=PmnzBOY0GJw"
        }
      ]
    },
    {
      "id": "leg_3",
      "title": "FIESTA CIERRE 36S",
      "price": "0",
      "description": "Producto importado - NOVEDADES 2024",
      "category": "NOVEDADES 2024",
      "sizes": [],
      "media": [
        {
          "type": "image",
          "url": "images/FIESTA.png.opt373x392o0,0s373x392.webp"
        }
      ]
    },
    {
      "id": "new_4",
      "title": "FESTIVAL 25S",
      "price": "0",
      "description": "Producto importado - NOVEDADES 2024",
      "category": "NOVEDADES 2024",
      "sizes": [],
      "media": [
        {
          "type": "image",
          "url": "images/FESTIVAL.png.opt401x422o0,0s401x422.webp"
        }
      ]
    },
    {
      "id": "new_5",
      "title": "IMPACTO 90S",
      "price": "0",
      "description": "Producto importado - NOVEDADES 2024",
      "category": "NOVEDADES 2024",
      "sizes": [],
      "media": [
        {
          "type": "image",
          "url": "images/IMPACTO.png.opt461x485o0,0s461x485.webp"
        },
        {
          "type": "video",
          "url": "https://www.youtube.com/watch?v=3dMyMAZFuQQ"
        }
      ]
    },
    {
      "id": "leg_4",
      "title": "BENGALA 7",
      "price": "800",
      "description": "Producto importado - BENGALAS",
      "category": "BENGALAS",
      "sizes": [],
      "media": [
        {
          "type": "image",
          "url": "images/BENGALA 7 2022.png.opt444x448o0,0s444x448.webp"
        },
        {
          "type": "video",
          "url": "https://www.youtube.com/watch?v=m3KdlwR7C-Y"
        }
      ]
    },
    {
      "id": "leg_5",
      "title": "BENGALA 10",
      "price": "0",
      "description": "Producto importado - BENGALAS",
      "category": "BENGALAS",
      "sizes": [],
      "media": [
        {
          "type": "image",
          "url": "images/BENGALA 10 2022.png.opt395x398o0,0s395x398.webp"
        },
        {
          "type": "video",
          "url": "https://www.youtube.com/watch?v=EI-jI_4zEAw"
        }
      ]
    },
    {
      "id": "leg_6",
      "title": "BENGALA 28",
      "price": "6000",
      "description": "Producto importado - BENGALAS",
      "category": "BENGALAS",
      "sizes": [],
      "media": [
        {
          "type": "image",
          "url": "images/BENGALA 28.png.opt695x54o0,0s695x54.webp"
        },
        {
          "type": "video",
          "url": "https://www.youtube.com/watch?v=Z1v202IRMHE"
        }
      ]
    },
    {
      "id": "leg_7",
      "title": "MINI MAGIC",
      "price": "1600",
      "description": "Producto importado - VOLCANES",
      "category": "VOLCANES",
      "sizes": [],
      "media": [
        {
          "type": "image",
          "url": "images/MINI MAGIC WEB.png.opt592x443o0,0s592x443.webp"
        },
        {
          "type": "video",
          "url": "https://www.youtube.com/watch?v=g6pSsuhzR6Y"
        }
      ]
    },
    {
      "id": "leg_8",
      "title": "MAGIC FOUNTAIN",
      "price": "2600",
      "description": "Producto importado - VOLCANES",
      "category": "VOLCANES",
      "sizes": [],
      "media": [
        {
          "type": "image",
          "url": "images/MAGIC FOUNTAIN WEB.png.opt592x443o0,0s592x443.webp"
        },
        {
          "type": "video",
          "url": "https://www.youtube.com/watch?v=haf-Yww6MoI"
        }
      ]
    },
    {
      "id": "leg_9",
      "title": "MISIL DE 25",
      "price": "2500",
      "description": "Producto importado - MISILES",
      "category": "MISILES",
      "sizes": [],
      "media": [
        {
          "type": "image",
          "url": "images/MISIL DE 25.png.opt655x491o0,0s655x491.webp"
        },
        {
          "type": "video",
          "url": "https://www.youtube.com/watch?v=9S__bZ7_9cQ"
        }
      ]
    },
    {
      "id": "leg_10",
      "title": "MISIL DE 50",
      "price": "5000",
      "description": "Producto importado - MISILES",
      "category": "MISILES",
      "sizes": [],
      "media": [
        {
          "type": "image",
          "url": "images/MISIL DE 50.png.opt600x450o0,0s600x450.webp"
        },
        {
          "type": "video",
          "url": "https://www.youtube.com/watch?v=2GaoGA1kX2s"
        }
      ]
    },
    {
      "id": "leg_11",
      "title": "MISIL DE 100",
      "price": "10000",
      "description": "Producto importado - MISILES",
      "category": "MISILES",
      "sizes": [],
      "media": [
        {
          "type": "image",
          "url": "images/MISIL DE 100.png.opt600x450o0,0s600x450.webp"
        },
        {
          "type": "video",
          "url": "https://www.youtube.com/watch?v=ei2bzh6axSc"
        }
      ]
    },
    {
      "id": "leg_12",
      "title": "CANDELA ROMANA 5",
      "price": "0",
      "description": "Producto importado - CANDELAS ROMANAS",
      "category": "CANDELAS ROMANAS",
      "sizes": [],
      "media": [
        {
          "type": "image",
          "url": "images/CANDELA ROMANA DE 5.webp"
        },
        {
          "type": "video",
          "url": "https://www.youtube.com/watch?v=Rli94K3tzmA"
        }
      ]
    },
    {
      "id": "leg_13",
      "title": "CANDELA ROMANA 8",
      "price": "0",
      "description": "Producto importado - CANDELAS ROMANAS",
      "category": "CANDELAS ROMANAS",
      "sizes": [],
      "media": [
        {
          "type": "image",
          "url": "images/CANDELA ROMANA DE 8.png.opt600x450o0,0s600x450.webp"
        },
        {
          "type": "video",
          "url": "https://www.youtube.com/watch?v=uTPHO1rZ46M"
        }
      ]
    },
    {
      "id": "leg_14",
      "title": "COHETE LUNAR",
      "price": "1700",
      "description": "Bolsa de 12 piezas - COHETES",
      "category": "COHETES",
      "sizes": [],
      "media": [
        {
          "type": "video",
          "url": "https://www.youtube.com/watch?v=SfhpvMkEpbs"
        }
      ]
    },
    {
      "id": "leg_15",
      "title": "DIABLO LOCO",
      "price": "2500",
      "description": "Unidad de Cohete de Luz y Trueno",
      "category": "COHETES",
      "sizes": [],
      "media": [
        {
          "type": "image",
          "url": "images/DIABLO LOCO.png.opt600x450o0,0s600x450.webp"
        },
        {
          "type": "video",
          "url": "https://www.youtube.com/watch?v=hunQzn51dBY"
        }
      ]
    },
    {
      "id": "leg_16",
      "title": "DOBLE TRUENO",
      "price": "0",
      "description": "Producto importado - CAJAS",
      "category": "CAJAS",
      "sizes": [],
      "media": [
        {
          "type": "image",
          "url": "images/DOBLE TRUENO  WEB.png.opt626x469o0,0s626x469.webp"
        },
        {
          "type": "video",
          "url": "https://www.youtube.com/watch?v=xPPshthHnpQ"
        }
      ]
    },
    {
      "id": "leg_17",
      "title": "16 SHOTS FANTASIA",
      "price": "16000",
      "description": "Producto importado - CAJAS",
      "category": "CAJAS",
      "sizes": [],
      "media": [
        {
          "type": "image",
          "url": "images/16 SHOTS DE FANTASIA.png.opt695x521o0,0s695x521.webp"
        },
        {
          "type": "video",
          "url": "https://www.youtube.com/watch?v=kcl4Lsqm40c"
        }
      ]
    },
    {
      "id": "leg_18",
      "title": "COSMOS",
      "price": "20000",
      "description": "Producto importado - CAJAS",
      "category": "CAJAS",
      "sizes": [],
      "media": [
        {
          "type": "image",
          "url": "images/COSMOS.png.opt600x450o0,0s600x450.webp"
        },
        {
          "type": "video",
          "url": "https://www.youtube.com/watch?v=KdcwWTsV4T0"
        }
      ]
    },
    {
      "id": "leg_19",
      "title": "UNLUCKY RABBIT",
      "price": "25000",
      "description": "Producto importado - CAJAS",
      "category": "CAJAS",
      "sizes": [],
      "media": [
        {
          "type": "image",
          "url": "images/UNLUCKY RABBIT.png.opt600x450o0,0s600x450.webp"
        },
        {
          "type": "video",
          "url": "https://www.youtube.com/watch?v=W-HBd2n68TE"
        }
      ]
    },
    {
      "id": "leg_20",
      "title": "THUNDER KING",
      "price": "25000",
      "description": "Producto importado - CAJAS",
      "category": "CAJAS",
      "sizes": [],
      "media": [
        {
          "type": "image",
          "url": "images/THUNDER KING.png.opt600x450o0,0s600x450.webp"
        },
        {
          "type": "video",
          "url": "https://www.youtube.com/watch?v=q6Kk5sAaS3g"
        }
      ]
    },
    {
      "id": "leg_21",
      "title": "BRUNCA NEÓN",
      "price": "45000",
      "description": "Producto importado - CAJAS",
      "category": "CAJAS",
      "sizes": [],
      "media": [
        {
          "type": "image",
          "url": "images/BRUNCA NEÓN PYRO WEB.png.opt610x457o0,0s610x457.webp"
        },
        {
          "type": "video",
          "url": "https://www.youtube.com/watch?v=TyNx-45YCEs"
        }
      ]
    },
    {
      "id": "leg_22",
      "title": "FIESTA",
      "price": "0",
      "description": "Producto importado - CAJAS",
      "category": "CAJAS",
      "sizes": [],
      "media": [
        {
          "type": "image",
          "url": "images/FIESTA.png.opt600x450o0,0s600x450.webp"
        },
        {
          "type": "video",
          "url": "https://www.youtube.com/watch?v=SL2dk0M8K0c"
        }
      ]
    },
    {
      "id": "new_6",
      "title": "THE WAVE",
      "price": "0",
      "description": "Producto importado - CAJAS",
      "category": "CAJAS",
      "sizes": [],
      "media": [
        {
          "type": "image",
          "url": "images/THE WAVE.webp"
        }
      ]
    },
    {
      "id": "leg_23",
      "title": "MEGA CRUJIENTE",
      "price": "2000",
      "description": "Cada uno - CRUJIENTES",
      "category": "CRUJIENTES",
      "sizes": [],
      "media": [
        {
          "type": "image",
          "url": "images/MEGA CRUJIENTE WEB.png.opt598x448o0,0s598x448.webp"
        },
        {
          "type": "video",
          "url": "https://www.youtube.com/watch?v=hX0vL135c3w"
        }
      ]
    },
    {
      "id": "leg_24",
      "title": "DRAGON EGGS",
      "price": "1500",
      "description": "Bolsa con 12 unidades - CRUJIENTES",
      "category": "CRUJIENTES",
      "sizes": [],
      "media": [
        {
          "type": "image",
          "url": "images/DRAGON-EGGS-WEB.jpg.opt473x355o0,0s473x355.webp"
        },
        {
          "type": "video",
          "url": "https://www.youtube.com/watch?v=xzH8fje-EEM"
        }
      ]
    },
    {
      "id": "leg_25",
      "title": "OJO MAGICO",
      "price": "2500",
      "description": "Bolsa con 3 piezas - GIRATORIOS",
      "category": "GIRATORIOS",
      "sizes": [],
      "media": [
        {
          "type": "image",
          "url": "images/OJO MAGICO WEB.png.opt604x453o0,0s604x453.webp"
        },
        {
          "type": "video",
          "url": "https://www.youtube.com/watch?v=kAWL4FUOmkA"
        }
      ]
    },
    {
      "id": "new_7",
      "title": "FUNKY COCO 25s",
      "price": "80000",
      "description": "Batería 25 Shots",
      "category": "CAJAS",
      "sizes": [],
      "media": [
        {
          "type": "image",
          "url": "images/2022-FUNKY COCO.png.opt419x367o0,0s419x367.webp"
        },
        {
          "type": "video",
          "url": "https://www.youtube.com/watch?v=hNLDgbeeAzo"
        }
      ]
    },
    {
      "id": "new_8",
      "title": "PYROTEC JUNIOR 56s",
      "price": "70000",
      "description": "Batería 56 Shots",
      "category": "CAJAS",
      "sizes": [],
      "media": [
        {
          "type": "image",
          "url": "images/PYROTEC JR WEB.png.opt586x439o0,0s586x439.webp"
        },
        {
          "type": "video",
          "url": "https://www.youtube.com/watch?v=dFNbl7kT2Ds"
        }
      ]
    },
    {
      "id": "new_9",
      "title": "TRILOGÍA 15s",
      "price": "33000",
      "description": "Batería 15 Shots",
      "category": "CAJAS",
      "sizes": [],
      "media": [
        {
          "type": "image",
          "url": "images/2022-TRILOGIA.png.opt363x363o0,0s363x363.webp"
        },
        {
          "type": "video",
          "url": "https://www.youtube.com/watch?v=IouVqz9KaDY"
        }
      ]
    },
    {
      "id": "new_10",
      "title": "SAY CHEESE 25s",
      "price": "80000",
      "description": "Batería 25 Shots",
      "category": "CAJAS",
      "sizes": [],
      "media": [
        {
          "type": "image",
          "url": "images/2022-SAY CHEESE.png.opt434x438o0,0s434x438.webp"
        },
        {
          "type": "video",
          "url": "https://www.youtube.com/watch?v=HeKrVu-ybTU"
        }
      ]
    },
    {
      "id": "new_11",
      "title": "ARTILLERY SHELL 6s",
      "price": "24900",
      "description": "Mortero 6 Shots",
      "category": "CAJAS",
      "sizes": [],
      "media": [
        {
          "type": "image",
          "url": "images/LOGO PAGINA.webp"
        },
        {
          "type": "video",
          "url": "https://www.youtube.com/watch?v=1JKsi_aZTT0"
        }
      ]
    }
  ]
}